Date,Region,Product,Category,Revenue,COGS,Operating_Cost,Marketing_Cost,Total_Cost,Profit,Profit_Margin_%,Calculated_Profit,Calculated_Profit_Margin_%
2023-01-01,East,Product C,Furniture,7708,13383,3772,4595,21750,-14042,-182.17,-14042,-182.17436429683445
2023-01-02,West,Product A,Office Supplies,16694,18378,4726,2779,25883,-9189,-55.04,-9189,-55.04372828561159
2023-01-03,North,Product A,Electronics,14524,24737,8232,1288,34257,-19733,-135.86,-19733,-135.8647755439273
2023-01-04,East,Product D,Electronics,36880,4353,12339,7951,24643,12237,33.18,12237,33.18058568329718
2023-01-05,East,Product C,Electronics,44224,25821,13281,1214,40316,3908,8.84,3908,8.836830680173662
2023-01-06,West,Product A,Electronics,41980,6799,5806,5354,17959,24021,57.22,24021,57.220104811815155
2023-01-07,North,Product D,Electronics,37409,19070,3190,3349,25609,11800,31.54,11800,31.543211526637975
2023-01-08,North,Product C,Electronics,18224,26860,10108,1275,38243,-20019,-109.85,-20019,-109.84964881474978
2023-01-09,East,Product D,Electronics,45738,23195,13178,4526,40899,4839,10.58,4839,10.579824216187852
2023-01-10,South,Product B,Furniture,30150,13939,3875,7369,25183,4967,16.47,4967,16.4742951907131
2023-01-11,East,Product A,Office Supplies,39393,27338,6592,2747,36677,2716,6.89,2716,6.8946259487726245
2023-01-12,East,Product B,Electronics,48082,23730,2440,7588,33758,14324,29.79,14324,29.790774094255646
2023-01-13,East,Product C,Furniture,12973,23427,13592,578,37597,-24624,-189.81,-24624,-189.80960456332383
2023-01-14,East,Product B,Furniture,13577,4428,9927,7599,21954,-8377,-61.7,-8377,-61.699933711423725
2023-01-15,West,Product B,Office Supplies,13070,29083,12760,4426,46269,-33199,-254.01,-33199,-254.009181331293
2023-01-16,North,Product C,Electronics,13666,23510,7059,1355,31924,-18258,-133.6,-18258,-133.60163910434656
2023-01-17,West,Product D,Office Supplies,41368,26604,12530,7840,46974,-5606,-13.55,-5606,-13.551537420228197
2023-01-18,West,Product B,Electronics,11783,27482,8010,7110,42602,-30819,-261.55,-30819,-261.55478231350247
2023-01-19,West,Product D,Furniture,46914,13296,12207,7224,32727,14187,30.24,14187,30.240439953958308
2023-01-20,East,Product B,Furniture,9971,9813,8117,6035,23965,-13994,-140.35,-13994,-140.34700631832314
2023-01-21,South,Product D,Furniture,18490,16414,12081,7583,36078,-17588,-95.12,-17588,-95.12168739859383
2023-01-22,North,Product C,Furniture,6990,29570,10153,7092,46815,-39825,-569.74,-39825,-569.7424892703863
2023-01-23,South,Product B,Office Supplies,10299,29082,3989,6730,39801,-29502,-286.45,-29502,-286.45499563064374
2023-01-24,West,Product C,Electronics,24956,13801,13040,2648,29489,-4533,-18.16,-4533,-18.16396858470909
2023-01-25,West,Product B,Electronics,27359,13745,10218,1531,25494,1865,6.82,1865,6.816769618772615
2023-01-26,South,Product C,Office Supplies,42148,28029,7228,5440,40697,1451,3.44,1451,3.4426307298092436
2023-01-27,South,Product C,Electronics,33734,15025,13057,3771,31853,1881,5.58,1881,5.575976759352582
2023-01-28,South,Product B,Furniture,9757,5356,7471,4076,16903,-7146,-73.24,-7146,-73.2397253254074
2023-01-29,West,Product B,Electronics,24097,27091,3863,4682,35636,-11539,-47.89,-11539,-47.88562891646263
2023-01-30,West,Product B,Furniture,15395,16288,14761,6686,37735,-22340,-145.11,-22340,-145.1120493666775
2023-01-31,North,Product A,Office Supplies,21241,25650,11693,3956,41299,-20058,-94.43,-20058,-94.43058236429547
2023-02-01,North,Product D,Electronics,43356,8540,11139,4006,23685,19671,45.37,19671,45.370882922778854
2023-02-02,West,Product A,Office Supplies,32696,18422,2177,907,21506,11190,34.22,11190,34.22436995351113
2023-02-03,South,Product A,Electronics,9944,5342,5760,3211,14313,-4369,-43.94,-4369,-43.93604183427192
2023-02-04,South,Product C,Furniture,24816,11078,1011,3588,15677,9139,36.83,9139,36.82704706640877
2023-02-05,North,Product B,Office Supplies,42011,4844,6252,2168,13264,28747,68.43,28747,68.42731665516175
2023-02-06,West,Product D,Electronics,29917,12396,5399,647,18442,11475,38.36,11475,38.356118594778884
2023-02-07,North,Product C,Furniture,36195,19482,12556,6920,38958,-2763,-7.63,-2763,-7.633651056775798
2023-02-08,North,Product A,Office Supplies,26566,25411,12214,4827,42452,-15886,-59.8,-15886,-59.798238349770386
2023-02-09,East,Product B,Office Supplies,14916,20207,12563,4397,37167,-22251,-149.18,-22251,-149.17538213998392
2023-02-10,East,Product C,Electronics,25806,29777,12022,2450,44249,-18443,-71.47,-18443,-71.46787568782453
2023-02-11,East,Product B,Electronics,14984,15998,9234,865,26097,-11113,-74.17,-11113,-74.1657768286172
2023-02-12,South,Product C,Electronics,6759,15261,10135,7895,33291,-26532,-392.54,-26532,-392.54327563249
2023-02-13,West,Product B,Furniture,46949,21539,11582,2174,35295,11654,24.82,11654,24.82267992928497
2023-02-14,West,Product A,Electronics,31838,5093,6445,5031,16569,15269,47.96,15269,47.958414473270935
2023-02-15,West,Product D,Office Supplies,7482,13722,11737,4994,30453,-22971,-307.02,-22971,-307.01684041700076
2023-02-16,West,Product A,Office Supplies,29442,24042,11603,5830,41475,-12033,-40.87,-12033,-40.87018544935806
2023-02-17,East,Product D,Electronics,38719,22162,14178,6010,42350,-3631,-9.38,-3631,-9.377824840517574
2023-02-18,South,Product B,Electronics,32965,21280,7570,3046,31896,1069,3.24,1069,3.2428333080539966
2023-02-19,South,Product C,Office Supplies,7079,13645,10196,7183,31024,-23945,-338.25,-23945,-338.25399067664927
2023-02-20,East,Product A,Furniture,7717,17083,9212,1062,27357,-19640,-254.5,-19640,-254.5030452248283
2023-02-21,South,Product D,Electronics,32952,2988,1406,4062,8456,24496,74.34,24496,74.33843165816945
2023-02-22,East,Product A,Electronics,25908,22500,10206,2989,35695,-9787,-37.78,-9787,-37.775976532345226
2023-02-23,West,Product D,Office Supplies,47460,8446,5431,5880,19757,27703,58.37,27703,58.37126000842815
2023-02-24,East,Product A,Electronics,29861,18335,11030,1272,30637,-776,-2.6,-776,-2.5987073440273267
2023-02-25,West,Product D,Furniture,12311,22563,12380,6993,41936,-29625,-240.64,-29625,-240.63845341564453
2023-02-26,West,Product D,Office Supplies,33071,18133,6243,2537,26913,6158,18.62,6158,18.620543678751776
2023-02-27,North,Product B,Electronics,28570,3682,7542,3923,15147,13423,46.98,13423,46.98284914245712
2023-02-28,East,Product D,Office Supplies,23449,7626,7936,3067,18629,4820,20.56,4820,20.55524755853128
2023-03-01,North,Product B,Electronics,38536,9424,9906,5939,25269,13267,34.43,13267,34.427548266555945
2023-03-02,East,Product D,Electronics,43258,14857,5146,6781,26784,16474,38.08,16474,38.08312913218364
2023-03-03,East,Product C,Electronics,33865,14155,13046,2073,29274,4591,13.56,4591,13.556769526059353
2023-03-04,North,Product C,Furniture,11645,19317,13611,4194,37122,-25477,-218.78,-25477,-218.7805925289824
2023-03-05,North,Product C,Furniture,43000,21982,14076,5587,41645,1355,3.15,1355,3.1511627906976742
2023-03-06,East,Product D,Office Supplies,31737,13425,1140,7011,21576,10161,32.02,10161,32.01625862557898
2023-03-07,South,Product B,Electronics,16485,3980,13757,3791,21528,-5043,-30.59,-5043,-30.59144676979072
2023-03-08,West,Product B,Electronics,43565,17522,5882,1746,25150,18415,42.27,18415,42.27017100883737
2023-03-09,North,Product D,Furniture,30522,28431,14645,4219,47295,-16773,-54.95,-16773,-54.95380381364262
2023-03-10,West,Product C,Electronics,17342,21440,7012,4339,32791,-15449,-89.08,-15449,-89.08430400184523
2023-03-11,South,Product C,Furniture,45806,10984,1963,859,13806,32000,69.86,32000,69.85984368859974
2023-03-12,South,Product B,Electronics,18087,19175,8151,5516,32842,-14755,-81.58,-14755,-81.57792889920937
2023-03-13,South,Product C,Office Supplies,42641,17883,9564,2876,30323,12318,28.89,12318,28.88769025116672
2023-03-14,North,Product A,Electronics,39249,28385,12827,3509,44721,-5472,-13.94,-5472,-13.941756477872048
2023-03-15,South,Product B,Electronics,15093,7390,11733,7106,26229,-11136,-73.78,-11136,-73.78254820115285
2023-03-16,North,Product C,Furniture,21438,25019,4610,3493,33122,-11684,-54.5,-11684,-54.50135273812856
2023-03-17,South,Product B,Electronics,45411,20639,10884,1462,32985,12426,27.36,12426,27.363414150756427
2023-03-18,West,Product A,Electronics,31399,21994,7894,4132,34020,-2621,-8.35,-2621,-8.347399598713334
2023-03-19,West,Product B,Furniture,24846,3607,14467,2327,20401,4445,17.89,4445,17.890203654511794
2023-03-20,East,Product B,Office Supplies,20708,23563,14959,7479,46001,-25293,-122.14,-25293,-122.14120146803167
2023-03-21,West,Product B,Office Supplies,49039,8573,8311,2113,18997,30042,61.26,30042,61.26144497236893
2023-03-22,East,Product B,Furniture,15998,19368,1105,2140,22613,-6615,-41.35,-6615,-41.34891861482685
2023-03-23,West,Product A,Furniture,35678,7776,6539,2716,17031,18647,52.26,18647,52.26470093615113
2023-03-24,North,Product D,Furniture,15682,5676,10873,4812,21361,-5679,-36.21,-5679,-36.2134931768907
2023-03-25,West,Product B,Furniture,13519,5380,13289,877,19546,-6027,-44.58,-6027,-44.58169982986907
2023-03-26,East,Product B,Furniture,36480,10711,13208,4714,28633,7847,21.51,7847,21.510416666666668
2023-03-27,East,Product C,Office Supplies,24694,10782,11828,4785,27395,-2701,-10.94,-2701,-10.937879646877784
2023-03-28,South,Product B,Office Supplies,8300,19434,7787,7410,34631,-26331,-317.24,-26331,-317.2409638554217
2023-03-29,North,Product C,Furniture,11722,15997,3137,869,20003,-8281,-70.64,-8281,-70.64494113632486
2023-03-30,West,Product D,Electronics,44986,22017,12608,6397,41022,3964,8.81,3964,8.811630284977548
2023-03-31,South,Product A,Furniture,29160,8342,5445,2696,16483,12677,43.47,12677,43.47393689986283
2023-04-01,West,Product A,Electronics,25059,19343,4530,4247,28120,-3061,-12.22,-3061,-12.21517219362305
2023-04-02,West,Product D,Furniture,40822,8059,2286,1151,11496,29326,71.84,29326,71.8387144186958
2023-04-03,South,Product A,Furniture,18575,10884,12371,6478,29733,-11158,-60.07,-11158,-60.0699865410498
2023-04-04,South,Product D,Office Supplies,12970,7655,14350,6107,28112,-15142,-116.75,-15142,-116.74633770239014
2023-04-05,South,Product D,Electronics,39911,14091,8052,1269,23412,16499,41.34,16499,41.339480343764876
2023-04-06,South,Product D,Electronics,26591,22857,4654,2921,30432,-3841,-14.44,-3841,-14.444736941070287
2023-04-07,South,Product A,Office Supplies,36821,21330,8102,1280,30712,6109,16.59,6109,16.591075744819534
2023-04-08,West,Product C,Office Supplies,14503,17251,3359,2216,22826,-8323,-57.39,-8323,-57.38812659449769
2023-04-09,South,Product D,Office Supplies,23922,26109,9105,6803,42017,-18095,-75.64,-18095,-75.64166875679291
2023-04-10,North,Product B,Office Supplies,17175,2526,9636,6994,19156,-1981,-11.53,-1981,-11.534206695778748
2023-04-11,East,Product A,Electronics,46124,5224,7441,4483,17148,28976,62.82,28976,62.821958199635766
2023-04-12,South,Product D,Electronics,26389,17069,6047,1811,24927,1462,5.54,1462,5.540187199211792
2023-04-13,South,Product D,Furniture,5822,28829,9227,3859,41915,-36093,-619.94,-36093,-619.9416008244589
2023-04-14,West,Product B,Furniture,22327,13536,6203,7535,27274,-4947,-22.16,-4947,-22.15702960541049
2023-04-15,South,Product C,Office Supplies,11150,15547,10667,5845,32059,-20909,-187.52,-20909,-187.52466367713006
2023-04-16,South,Product C,Office Supplies,9425,20259,13149,1022,34430,-25005,-265.31,-25005,-265.3050397877984
2023-04-17,South,Product C,Office Supplies,21032,3763,2798,1021,7582,13450,63.95,13450,63.95017116774439
2023-04-18,West,Product D,Furniture,7198,10712,11037,5378,27127,-19929,-276.87,-19929,-276.8685746040567
2023-04-19,South,Product D,Furniture,25079,7797,10600,2820,21217,3862,15.4,3862,15.39933809163045
2023-04-20,East,Product D,Furniture,41220,11208,6291,1435,18934,22286,54.07,22286,54.06598738476468
2023-04-21,West,Product A,Furniture,46874,25483,6495,2730,34708,12166,25.95,12166,25.954687033323374
2023-04-22,East,Product B,Furniture,18859,7109,10900,4540,22549,-3690,-19.57,-3690,-19.56625483853863
2023-04-23,West,Product D,Furniture,36419,25028,14673,6284,45985,-9566,-26.27,-9566,-26.266509239682584
2023-04-24,South,Product B,Furniture,13705,18500,12130,5083,35713,-22008,-160.58,-22008,-160.5837285662167
2023-04-25,East,Product B,Office Supplies,47880,4433,7284,6446,18163,29717,62.07,29717,62.0655806182122
2023-04-26,West,Product C,Office Supplies,28236,23847,8285,5441,37573,-9337,-33.07,-9337,-33.06771497379232
2023-04-27,North,Product A,Office Supplies,27419,18967,2300,6767,28034,-615,-2.24,-615,-2.2429702031438055
2023-04-28,South,Product D,Office Supplies,24978,26970,7869,7628,42467,-17489,-70.02,-17489,-70.01761550164144
2023-04-29,West,Product C,Furniture,42609,22172,10435,4197,36804,5805,13.62,5805,13.62388227839189
2023-04-30,North,Product C,Electronics,20358,29344,13168,3337,45849,-25491,-125.21,-25491,-125.21367521367522
2023-05-01,West,Product D,Furniture,39177,6167,4097,4583,14847,24330,62.1,24330,62.10276437705797
2023-05-02,North,Product B,Electronics,34378,26849,5616,2961,35426,-1048,-3.05,-1048,-3.048461225202164
2023-05-03,South,Product C,Office Supplies,42334,28589,1009,6599,36197,6137,14.5,6137,14.496622100439364
2023-05-04,East,Product B,Furniture,16382,19773,14271,6344,40388,-24006,-146.54,-24006,-146.5388841411305
2023-05-05,North,Product A,Office Supplies,19596,10357,11617,3743,25717,-6121,-31.24,-6121,-31.235966523780363
2023-05-06,West,Product B,Furniture,38572,28143,6752,3859,38754,-182,-0.47,-182,-0.4718448615576066
2023-05-07,South,Product A,Office Supplies,18221,8154,10852,1185,20191,-1970,-10.81,-1970,-10.811700784808737
2023-05-08,North,Product B,Electronics,6279,23804,11823,2660,38287,-32008,-509.76,-32008,-509.76270106704885
2023-05-09,West,Product C,Electronics,12083,10920,7295,7531,25746,-13663,-113.08,-13663,-113.0762227923529
2023-05-10,West,Product C,Electronics,48861,20427,5815,4488,30730,18131,37.11,18131,37.10730439409754
2023-05-11,West,Product A,Furniture,22771,22581,2072,4566,29219,-6448,-28.32,-6448,-28.316718633349435
2023-05-12,North,Product D,Electronics,34975,21880,4225,6765,32870,2105,6.02,2105,6.018584703359543
2023-05-13,North,Product A,Furniture,24063,19162,14146,2067,35375,-11312,-47.01,-11312,-47.00993226114782
2023-05-14,North,Product A,Electronics,7106,2213,2316,5841,10370,-3264,-45.93,-3264,-45.933014354066984
2023-05-15,East,Product B,Electronics,29557,5762,6699,538,12999,16558,56.02,16558,56.02057042324999
2023-05-16,North,Product B,Furniture,25607,15399,13337,3044,31780,-6173,-24.11,-6173,-24.10668957706877
2023-05-17,North,Product A,Furniture,42599,11768,7807,5375,24950,17649,41.43,17649,41.4305500129111
2023-05-18,North,Product C,Electronics,33529,12640,7674,1756,22070,11459,34.18,11459,34.17638462226729
2023-05-19,East,Product B,Furniture,40954,8731,4683,3490,16904,24050,58.72,24050,58.72442252283049
2023-05-20,North,Product D,Electronics,32856,29512,8227,2696,40435,-7579,-23.07,-7579,-23.067324080837594
2023-05-21,West,Product B,Furniture,7573,21501,4273,3968,29742,-22169,-292.74,-22169,-292.7373563977288
2023-05-22,North,Product B,Office Supplies,17808,7791,8000,7665,23456,-5648,-31.72,-5648,-31.716082659478882
2023-05-23,West,Product D,Office Supplies,40367,17822,1145,3208,22175,18192,45.07,18192,45.06651472737632
2023-05-24,West,Product A,Office Supplies,41801,10783,6010,6523,23316,18485,44.22,18485,44.22143010932753
2023-05-25,West,Product D,Office Supplies,46196,15621,4040,801,20462,25734,55.71,25734,55.70612174214218
2023-05-26,East,Product A,Office Supplies,39072,18019,10654,6881,35554,3518,9.0,3518,9.003890253890253
2023-05-27,East,Product A,Electronics,28752,4720,13868,1146,19734,9018,31.36,9018,31.364774624373958
2023-05-28,East,Product A,Office Supplies,22685,10905,10776,5258,26939,-4254,-18.75,-4254,-18.752479612078467
2023-05-29,North,Product D,Office Supplies,46401,11127,1482,6879,19488,26913,58.0,26913,58.00090515290619
2023-05-30,West,Product A,Office Supplies,16372,24431,4179,2259,30869,-14497,-88.55,-14497,-88.54752015636453
2023-05-31,East,Product C,Office Supplies,13996,26416,2249,6846,35511,-21515,-153.72,-21515,-153.7224921406116
2023-06-01,East,Product D,Furniture,21458,18385,13960,4851,37196,-15738,-73.34,-15738,-73.34327523534347
2023-06-02,North,Product C,Electronics,36889,8368,1630,1097,11095,25794,69.92,25794,69.92328336360433
2023-06-03,East,Product A,Office Supplies,31665,29424,9853,1161,40438,-8773,-27.71,-8773,-27.705668719406283
2023-06-04,North,Product B,Office Supplies,43243,16056,12695,4830,33581,9662,22.34,9662,22.343500682191337
2023-06-05,South,Product A,Office Supplies,36653,14236,3852,1868,19956,16697,45.55,16697,45.5542520393965
2023-06-06,East,Product C,Electronics,31657,20333,11658,3081,35072,-3415,-10.79,-3415,-10.787503553716398
2023-06-07,South,Product C,Furniture,44952,25116,1987,7503,34606,10346,23.02,10346,23.01566114967076
2023-06-08,North,Product D,Electronics,27180,16451,8622,4368,29441,-2261,-8.32,-2261,-8.318616629874908
2023-06-09,West,Product B,Furniture,36896,26217,8327,4037,38581,-1685,-4.57,-1685,-4.566890719861232
2023-06-10,East,Product D,Office Supplies,17875,19301,10738,5365,35404,-17529,-98.06,-17529,-98.06433566433567
2023-06-11,North,Product C,Office Supplies,6622,21558,9841,7184,38583,-31961,-482.65,-31961,-482.64874660223495
2023-06-12,West,Product A,Electronics,45809,12433,10160,4808,27401,18408,40.18,18408,40.18424327097295
2023-06-13,West,Product B,Electronics,21725,17525,11829,5058,34412,-12687,-58.4,-12687,-58.39815880322209
2023-06-14,South,Product A,Furniture,45760,25398,2100,7079,34577,11183,24.44,11183,24.438374125874127
2023-06-15,North,Product A,Furniture,20646,2089,7652,782,10523,10123,49.03,10123,49.03128935387
2023-06-16,West,Product B,Electronics,22029,20093,9632,4178,33903,-11874,-53.9,-11874,-53.90167506468746
2023-06-17,East,Product D,Furniture,34402,12361,8421,1986,22768,11634,33.82,11634,33.81780129062264
2023-06-18,East,Product A,Electronics,9263,18369,6016,4582,28967,-19704,-212.72,-19704,-212.71726222606068
2023-06-19,South,Product C,Furniture,35987,5041,1769,6026,12836,23151,64.33,23151,64.33156417595242
2023-06-20,West,Product A,Electronics,13646,2105,2343,4683,9131,4515,33.09,4515,33.08661878938884
2023-06-21,North,Product B,Electronics,32529,11078,5358,5663,22099,10430,32.06,10430,32.06369700882289
2023-06-22,East,Product B,Electronics,16664,27003,12921,960,40884,-24220,-145.34,-24220,-145.34325492078733
2023-06-23,West,Product B,Furniture,40737,20279,13098,2825,36202,4535,11.13,4535,11.132385791786337
2023-06-24,West,Product D,Furniture,40796,8090,10769,4254,23113,17683,43.34,17683,43.34493577801745
2023-06-25,South,Product A,Furniture,29027,26892,7780,2968,37640,-8613,-29.67,-8613,-29.672373996623836
2023-06-26,East,Product D,Electronics,34373,8082,13200,2224,23506,10867,31.61,10867,31.614930323218804
2023-06-27,East,Product D,Furniture,41397,19018,7602,1876,28496,12901,31.16,12901,31.164094016474625
2023-06-28,North,Product B,Furniture,25609,3925,14286,3243,21454,4155,16.22,4155,16.224764731149204
2023-06-29,East,Product B,Electronics,40835,20440,12543,1014,33997,6838,16.75,6838,16.74543896167503
2023-06-30,North,Product D,Office Supplies,43709,8917,13987,1202,24106,19603,44.85,19603,44.84888695691963
2023-07-01,East,Product A,Electronics,24250,21528,3349,2153,27030,-2780,-11.46,-2780,-11.463917525773196
2023-07-02,South,Product C,Furniture,26172,28846,12794,2566,44206,-18034,-68.91,-18034,-68.90570074889195
2023-07-03,East,Product D,Electronics,16555,28015,6699,522,35236,-18681,-112.84,-18681,-112.84204167925098
2023-07-04,North,Product A,Office Supplies,26874,2552,2241,2960,7753,19121,71.15,19121,71.15055443923495
2023-07-05,North,Product B,Electronics,18081,27291,2125,5649,35065,-16984,-93.93,-16984,-93.9328576959239
2023-07-06,South,Product B,Furniture,29063,23767,11793,6426,41986,-12923,-44.47,-12923,-44.46547156177959
2023-07-07,East,Product A,Office Supplies,11819,5911,10382,6751,23044,-11225,-94.97,-11225,-94.97419409425501
2023-07-08,East,Product C,Furniture,30712,28289,7764,1804,37857,-7145,-23.26,-7145,-23.26452201094035
2023-07-09,South,Product B,Office Supplies,29762,5389,6101,7795,19285,10477,35.2,10477,35.202607351656475
2023-07-10,East,Product B,Office Supplies,16046,27683,13323,3800,44806,-28760,-179.23,-28760,-179.23470023681915
2023-07-11,East,Product B,Electronics,36463,15629,14031,5730,35390,1073,2.94,1073,2.9427090475276305
2023-07-12,North,Product A,Electronics,33769,26826,13640,6779,47245,-13476,-39.91,-13476,-39.906423050727
2023-07-13,East,Product D,Furniture,28150,4430,8843,861,14134,14016,49.79,14016,49.790408525754884
2023-07-14,East,Product B,Electronics,7711,28630,1072,7853,37555,-29844,-387.03,-29844,-387.0315134223836
2023-07-15,South,Product D,Electronics,9853,2458,6472,4227,13157,-3304,-33.53,-3304,-33.532934131736525
2023-07-16,South,Product C,Office Supplies,34077,15395,11106,6772,33273,804,2.36,804,2.3593626199489393
2023-07-17,West,Product B,Electronics,28863,2207,6189,6495,14891,13972,48.41,13972,48.407996396770955
2023-07-18,North,Product B,Office Supplies,26792,2899,3472,1784,8155,18637,69.56,18637,69.56180949537175
2023-07-19,East,Product C,Office Supplies,45483,13653,12238,1014,26905,18578,40.85,18578,40.846030384979
2023-07-20,East,Product B,Office Supplies,13942,29961,1707,948,32616,-18674,-133.94,-18674,-133.9406111031416
2023-07-21,West,Product D,Furniture,6762,18405,2804,6519,27728,-20966,-310.06,-20966,-310.0561963916001
2023-07-22,East,Product A,Furniture,36987,10601,7704,7771,26076,10911,29.5,10911,29.499553897315273
2023-07-23,North,Product D,Furniture,20850,2894,4713,6102,13709,7141,34.25,7141,34.249400479616305
2023-07-24,West,Product A,Office Supplies,17112,2514,6051,5843,14408,2704,15.8,2704,15.801776531089292
2023-07-25,North,Product A,Furniture,29058,25678,11756,2355,39789,-10731,-36.93,-10731,-36.929589097666735
2023-07-26,West,Product D,Furniture,43890,23288,3475,5469,32232,11658,26.56,11658,26.561859193438142
2023-07-27,West,Product D,Electronics,5481,26251,4610,4062,34923,-29442,-537.16,-29442,-537.1647509578544
2023-07-28,South,Product D,Furniture,37921,6109,5255,3020,14384,23537,62.07,23537,62.068510851507085
2023-07-29,North,Product D,Furniture,45385,15258,12015,3581,30854,14531,32.02,14531,32.017186295031394
2023-07-30,East,Product C,Office Supplies,6524,17313,8397,1928,27638,-21114,-323.64,-21114,-323.635806253832
2023-07-31,East,Product B,Office Supplies,39888,17349,2735,4467,24551,15337,38.45,15337,38.45016044925792
2023-08-01,North,Product A,Office Supplies,20048,9179,10777,6945,26901,-6853,-34.18,-6853,-34.18296089385475
2023-08-02,East,Product D,Office Supplies,40111,12326,9258,6874,28458,11653,29.05,11653,29.05188103014136
2023-08-03,East,Product D,Office Supplies,42904,13787,12253,6350,32390,10514,24.51,10514,24.505873578221145
2023-08-04,North,Product D,Office Supplies,39008,29532,8979,1422,39933,-925,-2.37,-925,-2.3713084495488106
2023-08-05,West,Product C,Furniture,5060,3560,3428,3637,10625,-5565,-109.98,-5565,-109.98023715415019
2023-08-06,North,Product D,Office Supplies,14130,15612,13345,7580,36537,-22407,-158.58,-22407,-158.57749469214437
2023-08-07,West,Product D,Office Supplies,23023,19650,8426,2659,30735,-7712,-33.5,-7712,-33.49693784476393
2023-08-08,East,Product D,Electronics,18350,28745,9533,5632,43910,-25560,-139.29,-25560,-139.29155313351498
2023-08-09,East,Product B,Furniture,29354,22022,6249,6012,34283,-4929,-16.79,-4929,-16.7915786604892
2023-08-10,East,Product C,Furniture,33145,27325,11966,3047,42338,-9193,-27.74,-9193,-27.735706743098504
2023-08-11,South,Product D,Furniture,39020,21811,6291,3479,31581,7439,19.06,7439,19.06458226550487
2023-08-12,West,Product A,Office Supplies,25587,6780,3817,7241,17838,7749,30.28,7749,30.284910306014773
2023-08-13,South,Product A,Office Supplies,46131,20311,11853,2781,34945,11186,24.25,11186,24.248336259781926
2023-08-14,South,Product A,Office Supplies,14650,13894,10424,3149,27467,-12817,-87.49,-12817,-87.48805460750853
2023-08-15,North,Product C,Electronics,24933,4356,4874,813,10043,14890,59.72,14890,59.72004973328521
2023-08-16,South,Product C,Office Supplies,25581,6790,11593,3113,21496,4085,15.97,4085,15.968883155466948
2023-08-17,North,Product A,Electronics,28393,28911,10686,3583,43180,-14787,-52.08,-14787,-52.07973796358257
2023-08-18,North,Product D,Furniture,28051,18690,5211,2756,26657,1394,4.97,1394,4.969519803215572
2023-08-19,South,Product C,Office Supplies,31212,26363,1661,6593,34617,-3405,-10.91,-3405,-10.909265667051134
2023-08-20,West,Product A,Electronics,9090,22049,13075,1537,36661,-27571,-303.31,-27571,-303.3113311331133
2023-08-21,West,Product A,Electronics,11960,12181,14753,6252,33186,-21226,-177.47,-21226,-177.47491638795987
2023-08-22,West,Product D,Office Supplies,40772,9057,12811,3989,25857,14915,36.58,14915,36.581477484548216
2023-08-23,West,Product B,Furniture,26520,18082,11060,7687,36829,-10309,-38.87,-10309,-38.872549019607845
2023-08-24,West,Product C,Furniture,41408,2661,11526,3134,17321,24087,58.17,24087,58.16991885625966
2023-08-25,South,Product D,Furniture,33470,6644,4374,4483,15501,17969,53.69,17969,53.68688377651628
2023-08-26,South,Product A,Electronics,25491,17711,10208,2278,30197,-4706,-18.46,-4706,-18.46141775528618
2023-08-27,East,Product A,Electronics,6341,26887,13598,5610,46095,-39754,-626.94,-39754,-626.9358145402933
2023-08-28,West,Product D,Electronics,49623,4920,1207,5689,11816,37807,76.19,37807,76.18846099590915
2023-08-29,South,Product C,Electronics,29791,27658,3665,4395,35718,-5927,-19.9,-5927,-19.895270383672923
2023-08-30,East,Product B,Furniture,5338,18002,3493,7878,29373,-24035,-450.26,-24035,-450.26227051330085
2023-08-31,West,Product B,Office Supplies,10895,29547,7813,1624,38984,-28089,-257.82,-28089,-257.8155117026159
2023-09-01,North,Product A,Electronics,17254,16025,1632,1197,18854,-1600,-9.27,-1600,-9.273212008809551
2023-09-02,East,Product C,Electronics,16344,10946,11294,2679,24919,-8575,-52.47,-8575,-52.4657366617719
2023-09-03,South,Product B,Furniture,6750,14732,12151,1904,28787,-22037,-326.47,-22037,-326.4740740740741
2023-09-04,North,Product C,Office Supplies,7421,8236,4083,5751,18070,-10649,-143.5,-10649,-143.49818083816197
2023-09-05,North,Product C,Office Supplies,44887,18309,13944,1543,33796,11091,24.71,11091,24.70871299039811
2023-09-06,North,Product A,Furniture,10319,24462,14711,2429,41602,-31283,-303.16,-31283,-303.159220854734
2023-09-07,East,Product B,Furniture,20896,15518,11123,7179,33820,-12924,-61.85,-12924,-61.84915773353752
2023-09-08,South,Product D,Office Supplies,16918,2352,4719,1513,8584,8334,49.26,8334,49.261141978957326
2023-09-09,North,Product A,Electronics,30064,27478,8123,726,36327,-6263,-20.83,-6263,-20.832224587546566
2023-09-10,West,Product B,Office Supplies,32935,9005,11754,7821,28580,4355,13.22,4355,13.223015029603765
2023-09-11,North,Product B,Furniture,42641,16036,2679,2328,21043,21598,50.65,21598,50.65078211111371
2023-09-12,North,Product B,Electronics,34711,18542,1236,6088,25866,8845,25.48,8845,25.48183572930771
2023-09-13,East,Product B,Electronics,9806,28553,8446,5417,42416,-32610,-332.55,-32610,-332.5514990821946
2023-09-14,East,Product B,Furniture,46360,2956,5443,2523,10922,35438,76.44,35438,76.44089732528042
2023-09-15,South,Product C,Furniture,17182,4071,7770,5466,17307,-125,-0.73,-125,-0.7275055290420207
2023-09-16,West,Product A,Furniture,27297,10595,13917,2952,27464,-167,-0.61,-167,-0.6117888412646078
2023-09-17,East,Product C,Office Supplies,24541,17140,10732,6845,34717,-10176,-41.47,-10176,-41.46530296238947
2023-09-18,North,Product D,Office Supplies,33921,14803,7099,2585,24487,9434,27.81,9434,27.811680080186314
2023-09-19,South,Product B,Electronics,21774,29355,13135,7585,50075,-28301,-129.98,-28301,-129.9761183062368
2023-09-20,North,Product A,Furniture,49813,27963,14559,6391,48913,900,1.81,900,1.8067572721980205
2023-09-21,North,Product B,Electronics,42198,5453,9555,4783,19791,22407,53.1,22407,53.09967297028295
2023-09-22,East,Product A,Electronics,13820,8675,3368,1580,13623,197,1.43,197,1.4254703328509406
2023-09-23,South,Product C,Electronics,29070,2955,1285,5536,9776,19294,66.37,19294,66.37082903336773
2023-09-24,West,Product A,Electronics,9232,8295,1148,7687,17130,-7898,-85.55,-7898,-85.55025996533796
2023-09-25,West,Product D,Furniture,16122,17921,14395,2820,35136,-19014,-117.94,-19014,-117.93822106438408
2023-09-26,East,Product D,Electronics,20023,20096,5037,3690,28823,-8800,-43.95,-8800,-43.94945812315837
2023-09-27,East,Product A,Furniture,13007,17282,7549,3130,27961,-14954,-114.97,-14954,-114.96886291996617
2023-09-28,South,Product A,Furniture,22905,6703,8121,3063,17887,5018,21.91,5018,21.907880375463872
2023-09-29,West,Product A,Office Supplies,46786,8563,13743,3792,26098,20688,44.22,20688,44.21835591843714
2023-09-30,West,Product A,Furniture,34398,27849,10958,5121,43928,-9530,-27.71,-9530,-27.705099133670565
2023-10-01,West,Product D,Office Supplies,39268,24015,5895,4086,33996,5272,13.43,5272,13.425690129367423
2023-10-02,North,Product B,Furniture,11737,14003,6280,4931,25214,-13477,-114.82,-13477,-114.82491266933627
2023-10-03,West,Product A,Furniture,41062,12817,2012,7341,22170,18892,46.01,18892,46.00847498904096
2023-10-04,North,Product A,Furniture,30510,28958,12023,5674,46655,-16145,-52.92,-16145,-52.917076368403805
2023-10-05,South,Product D,Office Supplies,24426,28017,11699,7143,46859,-22433,-91.84,-22433,-91.8406615901089
2023-10-06,North,Product D,Office Supplies,42265,13171,10715,3447,27333,14932,35.33,14932,35.32946882763516
2023-10-07,South,Product C,Electronics,22850,28373,3785,4459,36617,-13767,-60.25,-13767,-60.249452954048145
2023-10-08,West,Product A,Office Supplies,5614,14582,11748,3313,29643,-24029,-428.02,-24029,-428.0192376202352
2023-10-09,West,Product C,Office Supplies,26776,14201,4725,3083,22009,4767,17.8,4767,17.80325664774425
2023-10-10,South,Product D,Office Supplies,29077,19778,5576,661,26015,3062,10.53,3062,10.530659971799016
2023-10-11,East,Product D,Office Supplies,14374,14473,6782,1093,22348,-7974,-55.48,-7974,-55.47516348963406
2023-10-12,South,Product B,Electronics,40435,11461,7257,6534,25252,15183,37.55,15183,37.54915296154322
2023-10-13,East,Product A,Office Supplies,35907,23116,10793,6802,40711,-4804,-13.38,-4804,-13.379006878881555
2023-10-14,North,Product C,Furniture,18409,22098,3408,3759,29265,-10856,-58.97,-10856,-58.97115541311315
2023-10-15,North,Product D,Furniture,21514,17596,1340,4655,23591,-2077,-9.65,-2077,-9.654178674351584
2023-10-16,North,Product D,Office Supplies,34866,2529,3817,3462,9808,25058,71.87,25058,71.86944301038261
2023-10-17,West,Product C,Office Supplies,7983,21342,3496,4388,29226,-21243,-266.1,-21243,-266.1029688087185
2023-10-18,North,Product B,Furniture,36705,26288,6962,3890,37140,-435,-1.19,-435,-1.185124642419289
2023-10-19,East,Product D,Furniture,25662,29490,14122,6497,50109,-24447,-95.27,-24447,-95.26537292494739
2023-10-20,North,Product A,Electronics,28510,21975,6299,6854,35128,-6618,-23.21,-6618,-23.21290775166608
2023-10-21,South,Product D,Furniture,17651,28723,10917,5001,44641,-26990,-152.91,-26990,-152.90918361565917
2023-10-22,South,Product A,Furniture,45998,25279,8574,1163,35016,10982,23.87,10982,23.874951084829775
2023-10-23,West,Product C,Office Supplies,33535,14765,2689,1632,19086,14449,43.09,14449,43.086327717310276
2023-10-24,South,Product A,Furniture,11640,15910,4267,5695,25872,-14232,-122.27,-14232,-122.26804123711341
2023-10-25,East,Product C,Electronics,49547,13561,5406,1041,20008,29539,59.62,29539,59.61814035158536
2023-10-26,North,Product A,Furniture,20317,11131,9453,5933,26517,-6200,-30.52,-6200,-30.516316385293102
2023-10-27,West,Product C,Office Supplies,12564,2525,2442,5593,10560,2004,15.95,2004,15.950334288443171
2023-10-28,North,Product A,Office Supplies,32345,24861,9597,5736,40194,-7849,-24.27,-7849,-24.266501777709074
2023-10-29,North,Product B,Furniture,33687,18385,11382,3474,33241,446,1.32,446,1.3239528601537685
2023-10-30,East,Product A,Office Supplies,18737,2374,5437,1367,9178,9559,51.02,9559,51.01670491540802
2023-10-31,South,Product A,Electronics,14323,28916,6435,2566,37917,-23594,-164.73,-23594,-164.7280597640159
2023-11-01,South,Product B,Electronics,20229,14197,9435,931,24563,-4334,-21.42,-4334,-21.42468733007069
2023-11-02,North,Product D,Furniture,49481,29628,13777,5335,48740,741,1.5,741,1.4975445120349227
2023-11-03,West,Product D,Furniture,13502,6648,5107,5969,17724,-4222,-31.27,-4222,-31.26944156421271
2023-11-04,South,Product A,Furniture,5545,4365,1560,4778,10703,-5158,-93.02,-5158,-93.02073940486926
2023-11-05,West,Product B,Office Supplies,42114,19909,13329,6756,39994,2120,5.03,2120,5.0339554542432445
2023-11-06,South,Product A,Electronics,34430,3646,11917,1706,17269,17161,49.84,17161,49.84316003485333
2023-11-07,West,Product C,Electronics,14996,2013,9785,3028,14826,170,1.13,170,1.1336356361696454
2023-11-08,East,Product C,Office Supplies,32788,6599,6548,1669,14816,17972,54.81,17972,54.81273636696352
2023-11-09,West,Product A,Electronics,34969,4278,2826,1330,8434,26535,75.88,26535,75.88149503846265
2023-11-10,East,Product D,Furniture,18919,16296,12421,2151,30868,-11949,-63.16,-11949,-63.158729319731485
2023-11-11,East,Product D,Furniture,8810,5155,12479,1636,19270,-10460,-118.73,-10460,-118.72871736662883
2023-11-12,West,Product A,Furniture,35586,10321,13265,3310,26896,8690,24.42,8690,24.41971561850166
2023-11-13,East,Product A,Electronics,44974,5814,14981,975,21770,23204,51.59,23204,51.59425445813136
2023-11-14,North,Product C,Furniture,46773,15125,8629,3310,27064,19709,42.14,19709,42.13755799285913
2023-11-15,East,Product D,Office Supplies,21371,5216,9325,1826,16367,5004,23.41,5004,23.41490805296898
2023-11-16,South,Product A,Office Supplies,34629,29514,4138,5566,39218,-4589,-13.25,-4589,-13.25189869762338
2023-11-17,West,Product C,Electronics,13436,28616,13111,1519,43246,-29810,-221.87,-29810,-221.8666269723132
2023-11-18,North,Product D,Office Supplies,17984,26603,14235,5737,46575,-28591,-158.98,-28591,-158.9802046263345
2023-11-19,West,Product B,Office Supplies,38039,4113,8693,2336,15142,22897,60.19,22897,60.19348563316596
2023-11-20,South,Product C,Electronics,24895,27828,9264,4756,41848,-16953,-68.1,-16953,-68.09801164892548
2023-11-21,South,Product D,Furniture,23155,22740,13686,2948,39374,-16219,-70.05,-16219,-70.04534657741308
2023-11-22,South,Product D,Furniture,15616,12238,14716,4793,31747,-16131,-103.3,-16131,-103.29789959016394
2023-11-23,East,Product C,Furniture,42129,15760,8842,1783,26385,15744,37.37,15744,37.37093213700776
2023-11-24,East,Product B,Electronics,44837,23927,7721,1159,32807,12030,26.83,12030,26.83051943707206
2023-11-25,West,Product C,Office Supplies,29574,22939,8002,6371,37312,-7738,-26.16,-7738,-26.16487455197133
2023-11-26,West,Product D,Furniture,8430,14588,5225,5666,25479,-17049,-202.24,-17049,-202.24199288256227
2023-11-27,North,Product A,Furniture,17676,25446,3978,2510,31934,-14258,-80.66,-14258,-80.66304593799502
2023-11-28,North,Product A,Electronics,15816,5374,8373,898,14645,1171,7.4,1171,7.40389479008599
2023-11-29,West,Product C,Furniture,37733,8430,6907,2233,17570,20163,53.44,20163,53.435984416823466
2023-11-30,East,Product D,Electronics,25144,21850,7097,6178,35125,-9981,-39.7,-9981,-39.69535475660197
2023-12-01,South,Product A,Office Supplies,7050,21465,13553,2625,37643,-30593,-433.94,-30593,-433.9432624113475
2023-12-02,West,Product D,Electronics,49460,13970,6656,2671,23297,26163,52.9,26163,52.89729073999191
2023-12-03,North,Product C,Electronics,38933,2629,11177,574,14380,24553,63.06,24553,63.064752266714606
2023-12-04,East,Product A,Electronics,29951,18653,9984,6780,35417,-5466,-18.25,-5466,-18.249808019765617
2023-12-05,West,Product D,Electronics,37413,12831,14600,5197,32628,4785,12.79,4785,12.789672039130783
2023-12-06,West,Product A,Office Supplies,39801,28569,5259,3971,37799,2002,5.03,2002,5.030024371246953
2023-12-07,East,Product C,Office Supplies,37913,7724,9286,1336,18346,19567,51.61,19567,51.61026560810276
2023-12-08,West,Product D,Furniture,45600,24281,6901,6124,37306,8294,18.19,8294,18.188596491228072
2023-12-09,East,Product A,Office Supplies,30280,13083,10325,999,24407,5873,19.4,5873,19.39564068692206
2023-12-10,South,Product C,Office Supplies,29557,15149,5917,6192,27258,2299,7.78,2299,7.7781912914030515
2023-12-11,East,Product A,Furniture,40400,21816,9429,637,31882,8518,21.08,8518,21.084158415841582
2023-12-12,East,Product A,Office Supplies,9494,11472,12138,2597,26207,-16713,-176.04,-16713,-176.03749736675795
2023-12-13,East,Product B,Electronics,20152,8276,3530,6390,18196,1956,9.71,1956,9.706232631996823
2023-12-14,West,Product B,Electronics,28895,17635,2960,5568,26163,2732,9.45,2732,9.454922997058315
2023-12-15,West,Product C,Furniture,14155,7895,8045,6238,22178,-8023,-56.68,-8023,-56.67961850936065
2023-12-16,East,Product B,Furniture,36883,15994,2048,4196,22238,14645,39.71,14645,39.70663991540818
2023-12-17,West,Product C,Furniture,48194,25499,6772,2385,34656,13538,28.09,13538,28.09063368884093
2023-12-18,North,Product B,Electronics,48001,25040,3529,6897,35466,12535,26.11,12535,26.11403929084811
2023-12-19,North,Product A,Office Supplies,6828,12552,3964,6624,23140,-16312,-238.9,-16312,-238.8986526069127
2023-12-20,West,Product C,Electronics,46898,18959,8137,3257,30353,16545,35.28,16545,35.27868992281121
2023-12-21,West,Product C,Furniture,37123,25413,1963,4420,31796,5327,14.35,5327,14.349594590954396
2023-12-22,East,Product A,Office Supplies,42573,8099,1536,2400,12035,30538,71.73,30538,71.73090926173866
2023-12-23,South,Product C,Office Supplies,5806,11499,14891,3110,29500,-23694,-408.1,-23694,-408.09507406131587
2023-12-24,West,Product C,Electronics,45970,21576,8340,7400,37316,8654,18.83,8654,18.82532086143137
2023-12-25,North,Product B,Furniture,34757,5178,8179,4486,17843,16914,48.66,16914,48.66357855971459
2023-12-26,East,Product C,Electronics,39636,24436,8967,1949,35352,4284,10.81,4284,10.80835603996367
2023-12-27,West,Product D,Office Supplies,19561,21118,13415,1046,35579,-16018,-81.89,-16018,-81.88742906804356
2023-12-28,North,Product A,Electronics,29262,8116,12871,7969,28956,306,1.05,306,1.0457248308386302
2023-12-29,North,Product B,Electronics,19899,17563,13379,5517,36459,-16560,-83.22,-16560,-83.22026232473993
2023-12-30,South,Product B,Furniture,20934,28788,12916,5176,46880,-25946,-123.94,-25946,-123.9419126779402
2023-12-31,East,Product D,Furniture,43197,28928,9734,5968,44630,-1433,-3.32,-1433,-3.31736000185198
2024-01-01,East,Product A,Office Supplies,46844,5568,1845,6552,13965,32879,70.19,32879,70.18828451882845
2024-01-02,South,Product A,Electronics,41332,11847,12795,2503,27145,14187,34.32,14187,34.32449433852705
2024-01-03,South,Product B,Electronics,39157,28155,6777,2596,37528,1629,4.16,1629,4.160175702939449
2024-01-04,East,Product C,Electronics,16593,16135,4036,7560,27731,-11138,-67.12,-11138,-67.12469113481589
2024-01-05,East,Product B,Office Supplies,45042,20587,6947,7741,35275,9767,21.68,9767,21.684205852315618
2024-01-06,West,Product A,Office Supplies,22320,19774,3494,1203,24471,-2151,-9.64,-2151,-9.637096774193548
2024-01-07,West,Product D,Furniture,32376,3742,13677,6904,24323,8053,24.87,8053,24.873362984927105
2024-01-08,South,Product B,Furniture,48513,20309,3719,2903,26931,21582,44.49,21582,44.487044709665454
2024-01-09,West,Product A,Furniture,19199,2619,2884,2125,7628,11571,60.27,11571,60.268763998124896
2024-01-10,North,Product B,Electronics,20876,19658,13330,3831,36819,-15943,-76.37,-15943,-76.36999425177237
2024-01-11,West,Product C,Electronics,13245,19340,5349,5233,29922,-16677,-125.91,-16677,-125.91166477916195
2024-01-12,West,Product B,Furniture,12214,3939,12393,7386,23718,-11504,-94.19,-11504,-94.18699852628131
2024-01-13,North,Product B,Electronics,5726,22337,6179,7962,36478,-30752,-537.06,-30752,-537.0590289905693
2024-01-14,South,Product A,Furniture,16362,28957,11902,5605,46464,-30102,-183.98,-30102,-183.97506417308398
2024-01-15,North,Product A,Office Supplies,23297,18001,7610,3478,29089,-5792,-24.86,-5792,-24.86157015924797
2024-01-16,West,Product A,Furniture,35448,2968,7430,5236,15634,19814,55.9,19814,55.895960279846534
2024-01-17,South,Product B,Office Supplies,31172,16846,8154,3339,28339,2833,9.09,2833,9.088284357756962
2024-01-18,West,Product C,Electronics,47874,27892,14828,3884,46604,1270,2.65,1270,2.6527969252621464
2024-01-19,North,Product D,Furniture,12657,27619,11145,3159,41923,-29266,-231.22,-29266,-231.22382871138498
2024-01-20,North,Product D,Electronics,23850,2281,7488,2361,12130,11720,49.14,11720,49.14046121593291
2024-01-21,West,Product A,Office Supplies,30425,29420,5737,3356,38513,-8088,-26.58,-8088,-26.58340180772391
2024-01-22,East,Product A,Office Supplies,31685,17360,7525,5801,30686,999,3.15,999,3.152911472305507
2024-01-23,East,Product B,Office Supplies,29578,8262,4850,1185,14297,15281,51.66,15281,51.663398471837176
2024-01-24,North,Product D,Electronics,33831,3058,1689,6447,11194,22637,66.91,22637,66.91200378351216
2024-01-25,North,Product A,Electronics,12906,22677,14564,4783,42024,-29118,-225.62,-29118,-225.61599256159926
2024-01-26,East,Product C,Electronics,12287,12724,11142,2119,25985,-13698,-111.48,-13698,-111.48368194026206
2024-01-27,East,Product C,Electronics,38660,7178,6175,6283,19636,19024,49.21,19024,49.208484221417486
2024-01-28,West,Product A,Office Supplies,15222,8980,14774,5580,29334,-14112,-92.71,-14112,-92.70792274339772
2024-01-29,West,Product A,Office Supplies,42443,11200,9648,5143,25991,16452,38.76,16452,38.7625756897486
2024-01-30,East,Product D,Furniture,39701,3229,6078,7368,16675,23026,58.0,23026,57.99853907962016
2024-01-31,West,Product D,Furniture,22764,27611,11322,7569,46502,-23738,-104.28,-23738,-104.2786856439993
2024-02-01,West,Product B,Electronics,49641,22969,13168,1931,38068,11573,23.31,11573,23.313390141213915
2024-02-02,South,Product D,Office Supplies,22674,10467,14410,1375,26252,-3578,-15.78,-3578,-15.780188762459204
2024-02-03,West,Product C,Office Supplies,23024,21124,13436,5213,39773,-16749,-72.75,-16749,-72.74583043780403
2024-02-04,North,Product C,Office Supplies,28874,4289,6448,2961,13698,15176,52.56,15176,52.55939599639814
2024-02-05,West,Product A,Furniture,48642,3239,2179,1865,7283,41359,85.03,41359,85.02734262571441
2024-02-06,West,Product D,Furniture,37284,7370,13477,1743,22590,14694,39.41,14694,39.4110074026392
2024-02-07,East,Product B,Office Supplies,22602,18170,12757,5498,36425,-13823,-61.16,-13823,-61.15830457481639
2024-02-08,North,Product C,Office Supplies,42784,2125,10074,662,12861,29923,69.94,29923,69.93969708302168
2024-02-09,West,Product C,Office Supplies,28265,14504,7406,2474,24384,3881,13.73,3881,13.730762427029896
2024-02-10,West,Product B,Furniture,30931,25857,9591,3791,39239,-8308,-26.86,-8308,-26.859784682034203
2024-02-11,South,Product B,Office Supplies,33841,27784,7907,769,36460,-2619,-7.74,-2619,-7.739133004343842
2024-02-12,West,Product C,Office Supplies,34192,17398,9800,1131,28329,5863,17.15,5863,17.14728591483388
2024-02-13,West,Product C,Electronics,47520,23726,2638,1405,27769,19751,41.56,19751,41.56355218855219
2024-02-14,South,Product B,Electronics,20585,25735,6671,3971,36377,-15792,-76.72,-15792,-76.71605538013117
2024-02-15,East,Product C,Furniture,30559,8638,7928,3753,20319,10240,33.51,10240,33.508949900193066
2024-02-16,West,Product A,Office Supplies,45059,8570,11340,2514,22424,22635,50.23,22635,50.23413746421359
2024-02-17,South,Product A,Office Supplies,38742,5249,2382,2141,9772,28970,74.78,28970,74.77672809870425
2024-02-18,North,Product B,Electronics,9133,11110,2403,704,14217,-5084,-55.67,-5084,-55.6662651921603
2024-02-19,East,Product D,Furniture,19663,9595,10011,1081,20687,-1024,-5.21,-1024,-5.207750597569039
2024-02-20,North,Product B,Electronics,26754,15605,4292,6175,26072,682,2.55,682,2.5491515287433657
2024-02-21,North,Product B,Electronics,8972,14115,10011,1340,25466,-16494,-183.84,-16494,-183.8386090057958
2024-02-22,South,Product D,Electronics,10295,8294,1419,6432,16145,-5850,-56.82,-5850,-56.82370082564352
2024-02-23,West,Product D,Electronics,46873,24911,13411,5847,44169,2704,5.77,2704,5.768779467923965
2024-02-24,South,Product D,Office Supplies,34125,7757,5517,2219,15493,18632,54.6,18632,54.599267399267404
2024-02-25,South,Product A,Office Supplies,45996,14595,4302,6238,25135,20861,45.35,20861,45.353943821201845
2024-02-26,South,Product C,Electronics,14903,3969,8857,3143,15969,-1066,-7.15,-1066,-7.152922230423404
2024-02-27,South,Product A,Furniture,8020,12985,10700,2797,26482,-18462,-230.2,-18462,-230.1995012468828
2024-02-28,East,Product C,Furniture,46755,19275,8870,1374,29519,17236,36.86,17236,36.86450646989627
2024-02-29,West,Product A,Furniture,25420,6470,6693,6060,19223,6197,24.38,6197,24.37844217151849
2024-03-01,North,Product C,Furniture,26452,25559,1767,6839,34165,-7713,-29.16,-7713,-29.15847572962347
2024-03-02,North,Product A,Electronics,43001,12225,3044,1189,16458,26543,61.73,26543,61.72647147740751
2024-03-03,West,Product D,Office Supplies,14516,11556,11331,4500,27387,-12871,-88.67,-12871,-88.66767704601818
2024-03-04,North,Product B,Furniture,7396,26704,12221,6606,45531,-38135,-515.62,-38135,-515.6165494862088
2024-03-05,West,Product A,Electronics,23546,11206,2549,3641,17396,6150,26.12,6150,26.11908604433874
2024-03-06,North,Product C,Furniture,24129,11991,10956,7282,30229,-6100,-25.28,-6100,-25.280782460939115
2024-03-07,South,Product D,Furniture,6591,25196,7140,1922,34258,-27667,-419.77,-27667,-419.76938249127596
2024-03-08,North,Product A,Electronics,16303,9519,11837,6597,27953,-11650,-71.46,-11650,-71.4592406305588
2024-03-09,West,Product A,Office Supplies,35561,15669,4716,1171,21556,14005,39.38,14005,39.3830319732291
2024-03-10,West,Product D,Office Supplies,11183,6612,13797,7870,28279,-17096,-152.87,-17096,-152.87489940087633
2024-03-11,West,Product A,Electronics,31572,28094,14494,1671,44259,-12687,-40.18,-12687,-40.18434055492208
2024-03-12,West,Product B,Office Supplies,39080,14373,5481,6091,25945,13135,33.61,13135,33.610542476970316
2024-03-13,West,Product A,Electronics,25695,19582,14885,4226,38693,-12998,-50.59,-12998,-50.585717065576965
2024-03-14,East,Product B,Electronics,12314,17552,8898,1443,27893,-15579,-126.51,-15579,-126.51453630014618
2024-03-15,East,Product B,Electronics,24623,16646,7548,6842,31036,-6413,-26.04,-6413,-26.04475490395159
2024-03-16,North,Product D,Office Supplies,7139,7238,3293,1949,12480,-5341,-74.81,-5341,-74.81439977587897
2024-03-17,West,Product A,Electronics,36290,17577,5837,4237,27651,8639,23.81,8639,23.805456048498208
2024-03-18,North,Product D,Furniture,23088,29050,8758,3039,40847,-17759,-76.92,-17759,-76.91874566874567
2024-03-19,West,Product A,Office Supplies,44692,24473,11900,4459,40832,3860,8.64,3860,8.636892508726394
2024-03-20,West,Product A,Office Supplies,38130,24641,7793,5491,37925,205,0.54,205,0.5376344086021506
2024-03-21,East,Product C,Office Supplies,37088,17504,8638,6785,32927,4161,11.22,4161,11.219262295081968
2024-03-22,East,Product A,Office Supplies,31292,26089,8993,5932,41014,-9722,-31.07,-9722,-31.068643742809666
2024-03-23,South,Product D,Furniture,25670,5719,7007,4760,17486,8184,31.88,8184,31.88157382158161
2024-03-24,East,Product B,Office Supplies,8738,2302,6542,2861,11705,-2967,-33.96,-2967,-33.95513847562371
2024-03-25,South,Product A,Office Supplies,7469,14144,10092,6664,30900,-23431,-313.71,-23431,-313.7100013388673
2024-03-26,South,Product C,Electronics,27534,19370,12276,5701,37347,-9813,-35.64,-9813,-35.63957289169753
2024-03-27,South,Product D,Office Supplies,14017,12055,7356,4152,23563,-9546,-68.1,-9546,-68.10301776414353
2024-03-28,South,Product A,Furniture,7808,6440,11201,7798,25439,-17631,-225.81,-17631,-225.80686475409837
2024-03-29,South,Product D,Furniture,17713,23293,9433,4170,36896,-19183,-108.3,-19183,-108.29898944278213
2024-03-30,North,Product C,Furniture,45329,5072,8380,2253,15705,29624,65.35,29624,65.3533058307044
2024-03-31,East,Product C,Furniture,7719,15598,3385,7627,26610,-18891,-244.73,-18891,-244.733773804897
2024-04-01,South,Product D,Office Supplies,27890,16287,5268,2852,24407,3483,12.49,3483,12.488347077805665
2024-04-02,West,Product A,Office Supplies,16700,15965,1671,2438,20074,-3374,-20.2,-3374,-20.20359281437126
2024-04-03,East,Product B,Furniture,41509,21508,1163,870,23541,17968,43.29,17968,43.28699800043364
2024-04-04,East,Product C,Furniture,47534,11519,9656,6476,27651,19883,41.83,19883,41.82900660579795
2024-04-05,South,Product A,Office Supplies,41766,15380,12234,5448,33062,8704,20.84,8704,20.83991763635493
2024-04-06,North,Product A,Furniture,31705,28984,5592,4979,39555,-7850,-24.76,-7850,-24.759501655890237
2024-04-07,South,Product B,Electronics,23787,13865,5795,2431,22091,1696,7.13,1696,7.129944927901795
2024-04-08,North,Product C,Furniture,31588,10125,11634,7088,28847,2741,8.68,2741,8.677345827529441
2024-04-09,West,Product C,Furniture,31123,5291,5798,924,12013,19110,61.4,19110,61.401535841660504
2024-04-10,East,Product A,Electronics,38062,6033,7036,6804,19873,18189,47.79,18189,47.78781987283905
2024-04-11,West,Product A,Electronics,15177,7105,3355,7845,18305,-3128,-20.61,-3128,-20.610133755024048
2024-04-12,North,Product B,Office Supplies,26727,19087,6887,5224,31198,-4471,-16.73,-4471,-16.728401990496504
2024-04-13,North,Product B,Office Supplies,35220,10133,13470,1394,24997,10223,29.03,10223,29.02612152186258
2024-04-14,West,Product C,Electronics,14882,18958,13916,7133,40007,-25125,-168.83,-25125,-168.82811450073916
2024-04-15,North,Product D,Electronics,6136,7704,8961,7660,24325,-18189,-296.43,-18189,-296.43089960886573
2024-04-16,West,Product C,Office Supplies,39832,29808,11749,6970,48527,-8695,-21.83,-8695,-21.829182566780478
2024-04-17,East,Product A,Furniture,36966,9848,6827,1097,17772,19194,51.92,19194,51.923389060217495
2024-04-18,West,Product C,Electronics,12009,23592,9737,3562,36891,-24882,-207.19,-24882,-207.19460404696477
2024-04-19,East,Product D,Office Supplies,17987,14975,14875,2836,32686,-14699,-81.72,-14699,-81.7201312058709
2024-04-20,West,Product B,Furniture,42311,8924,5719,5188,19831,22480,53.13,22480,53.130391623927586
2024-04-21,North,Product D,Electronics,36575,29208,13027,2187,44422,-7847,-21.45,-7847,-21.454545454545453
2024-04-22,West,Product D,Furniture,6007,22212,1593,1072,24877,-18870,-314.13,-18870,-314.1335109039454
2024-04-23,North,Product D,Office Supplies,10445,21614,5839,6671,34124,-23679,-226.7,-23679,-226.7017711823839
2024-04-24,West,Product B,Electronics,15706,2488,8394,7597,18479,-2773,-17.66,-2773,-17.65567299121355
2024-04-25,West,Product D,Furniture,49486,9114,12996,2590,24700,24786,50.09,24786,50.08689326274097
2024-04-26,South,Product D,Electronics,34257,27923,10651,6300,44874,-10617,-30.99,-10617,-30.992205972501967
2024-04-27,North,Product D,Furniture,26736,17740,4493,7066,29299,-2563,-9.59,-2563,-9.58632555356074
2024-04-28,South,Product A,Office Supplies,47207,5173,11793,4169,21135,26072,55.23,26072,55.229097379625905
2024-04-29,North,Product D,Office Supplies,18281,3667,7164,4772,15603,2678,14.65,2678,14.649089218314096
2024-04-30,South,Product B,Electronics,6435,28213,11636,5124,44973,-38538,-598.88,-38538,-598.8811188811189
2024-05-01,East,Product D,Furniture,38339,6114,3672,2133,11919,26420,68.91,26420,68.91155220532616
2024-05-02,West,Product D,Electronics,40150,5553,5200,5561,16314,23836,59.37,23836,59.36737235367372
2024-05-03,North,Product B,Electronics,30821,9761,1016,2017,12794,18027,58.49,18027,58.48934168261899
2024-05-04,North,Product D,Furniture,31660,3000,4191,4793,11984,19676,62.15,19676,62.14782059380922
2024-05-05,West,Product B,Furniture,10084,17638,1392,3157,22187,-12103,-120.02,-12103,-120.02181673938914
2024-05-06,North,Product D,Furniture,21661,27426,9616,4148,41190,-19529,-90.16,-19529,-90.15742578828309
2024-05-07,North,Product B,Office Supplies,18507,19772,7272,7485,34529,-16022,-86.57,-16022,-86.57264818717242
2024-05-08,South,Product D,Electronics,12059,7450,1571,5448,14469,-2410,-19.99,-2410,-19.985073389169912
2024-05-09,North,Product D,Electronics,23271,5712,4631,4088,14431,8840,37.99,8840,37.98719436208156
2024-05-10,East,Product A,Office Supplies,12491,3367,7172,2037,12576,-85,-0.68,-85,-0.6804899527659916
2024-05-11,East,Product A,Furniture,19859,10189,10312,6665,27166,-7307,-36.79,-7307,-36.794400523692026
2024-05-12,West,Product D,Office Supplies,13073,11013,8177,7779,26969,-13896,-106.3,-13896,-106.29541803717586
2024-05-13,North,Product D,Office Supplies,14077,18838,9433,5676,33947,-19870,-141.15,-19870,-141.15223414079705
2024-05-14,West,Product C,Office Supplies,25953,28200,4897,3637,36734,-10781,-41.54,-10781,-41.540477016144564
